{
"apiVersion": "V2",
"assemblies": [
{
  "files": [
    {
      "filePath": "data_summary.tsv",
      "fileType": "DATA_TABLE"
    },
    {
      "filePath": "assembly_data_report.jsonl",
      "fileType": "DATA_REPORT"
    }
  ]
},{
  "accession": "GCA_000240185.2",
  "files": [
    {
      "filePath": "GCA_000240185.2/GCA_000240185.2_ASM24018v2_genomic.fna",
      "fileType": "GENOMIC_NUCLEOTIDE_FASTA"
    },
    {
      "filePath": "GCA_000240185.2/genomic.gff",
      "fileType": "GFF3"
    }
  ]
},{
  "accession": "GCF_000240185.1",
  "files": [
    {
      "filePath": "GCF_000240185.1/GCF_000240185.1_ASM24018v2_genomic.fna",
      "fileType": "GENOMIC_NUCLEOTIDE_FASTA"
    },
    {
      "filePath": "GCF_000240185.1/genomic.gff",
      "fileType": "GFF3"
    }
  ]
}]}
