{
"apiVersion": "V2",
"assemblies": [
{
  "files": [
    {
      "filePath": "data_summary.tsv",
      "fileType": "DATA_TABLE",
      "uncompressedLengthBytes": "582"
    },
    {
      "filePath": "assembly_data_report.jsonl",
      "fileType": "DATA_REPORT",
      "uncompressedLengthBytes": "5348"
    }
  ]
},{
  "accession": "GCA_000222975.1",
  "files": [
    {
      "filePath": "GCA_000222975.1/GCA_000222975.1_ASM22297v1_genomic.fna",
      "fileType": "GENOMIC_NUCLEOTIDE_FASTA"
    },
    {
      "filePath": "GCA_000222975.1/genomic.gff",
      "fileType": "GFF3"
    }
  ]
},{
  "accession": "GCF_000222975.1",
  "files": [
    {
      "filePath": "GCF_000222975.1/GCF_000222975.1_ASM22297v1_genomic.fna",
      "fileType": "GENOMIC_NUCLEOTIDE_FASTA"
    },
    {
      "filePath": "GCF_000222975.1/genomic.gff",
      "fileType": "GFF3"
    }
  ]
}]}
